{
  "hi":"https://github.com/Mrrashmika/Database/raw/main/Auto_voice/hi.mp3",
  "palayan":"https://github.com/KING-RASHMIKA/AutoFunction/raw/main/autovoice/media_palayan.mp3",
  "gm":"https://github.com/Mrrashmika/Database/raw/main/Auto_voice/gm.opus",
  "gn":"https://github.com/Mrrashmika/Database/raw/main/Auto_voice/gn.opus",
  "bye":"https://github.com/Mrrashmika/Database/raw/main/Auto_voice/bye.mp3",
  "kawada":"https://github.com/Mrrashmika/Database/raw/main/Auto_voice/kawada.opus",
  "mk":"https://github.com/Mrrashmika/Database/raw/main/Auto_voice/mk.mp3",
  "thanks":"https://github.com/Mrrashmika/Database/raw/main/Auto_voice/thanks.mp3"
}
